# Strain (% strain),Tensile response (11 axis) (MPa),Record History ID
0.0103693,17.4454,2
0.014009,26.6394,2
0.0176525,30.8612,2
0.0208496,40.8952,2
0.0247814,45.3488,2
0.0270711,53.6326,2
0.0318117,56.3978,2
0.0354228,67.7913,2
0.0372996,72.5643,2
0.0413768,78.9607,2
0.0447183,86.4327,2
0.0497672,90.5213,2
0.0534239,97.0687,2
0.0539272,108.653,2
0.0600448,107.302,2
0.0633229,111.767,2
0.0640151,121.609,2
0.0696099,127,2
0.0716818,140.359,2
0.077925,143.57,2
0.081923,152.384,2
0.0829147,157.964,2
0.0843517,162.239,2
0.0878673,171.286,2
0.0923486,178.102,2
0.0997621,185.757,2
0.1021,190.773,2
0.106507,196.382,2
0.105714,202.096,2
0.11218,209.006,2
0.111329,212.469,2
0.117631,220.813,2
0.124352,231.425,2
0.121812,239.145,2
0.130434,237.551,2
0.131685,247.256,2
0.138877,262.843,2
0.139534,256.453,2
0.139984,264.699,2
0.141942,268.213,2
0.148324,275.917,2
0.152111,288.058,2
0.157424,291.4,2
0.163333,305.528,2
0.167664,300.415,2
0.16535,310.507,2
0.170135,321.923,2
0.168546,331.921,2
0.179001,329.748,2
0.185469,342.142,2
0.186612,346.097,2
0.187462,346.068,2
0.194593,366.367,2
0.199853,363.766,2
0.195872,380.98,2
0.195444,384.481,2
0.205378,376.976,2
0.212951,394.069,2
0.21218,390.842,2
0.209734,407.233,2
0.213759,412.046,2
0.218523,422.2,2
0.228245,415.845,2
0.223637,423.475,2
0.232224,445.15,2
0.235151,457.15,2
0.24264,463.41,2
0.238762,470.832,2
0.251837,475.423,2
0.248536,475.976,2
0.249603,465.406,2
0.255374,493.996,2
0.265544,499.234,2
0.261492,492.936,2
0.26102,490.775,2
0.278397,522.88,2
0.268843,529.32,2
0.274861,528.734,2
0.275078,518.066,2
0.278877,529.68,2
0.290516,542.357,2
0.28963,561.024,2
0.294416,548.697,2
0.297963,550.454,2
0.299339,572.087,2
0.312275,561.084,2
0.302763,568.979,2
0.303818,582.692,2
0.321616,609.504,2
0.319539,586.325,2
0.323579,603.329,2
0.325292,596.669,2
0.329079,624.329,2
0.336643,633.498,2
0.341695,652.229,2
0.344221,632.597,2
0.348708,645.407,2
0.349497,666.121,2
0.356452,652.616,2
0.346831,679.146,2
0.352695,659.776,2
0.356969,663.077,2
0.366171,697.367,2
0.375634,698.946,2
0.362815,699.201,2
0.378789,725.317,2
0.369387,701.435,2
0.376765,739.755,2
0.384557,732.619,2
0.391673,740.62,2
0.383644,722.665,2
0.400206,730,2
0.402303,750.293,2
0.391056,771.845,2
0.406502,761.703,2
0.401879,777.598,2
0.406637,774.301,2
0.415726,769.938,2
0.423167,797.944,2
0.431155,791.124,2
0.428249,791.004,2
0.437045,829.84,2
0.428341,802.265,2
0.432722,825.201,2
0.438426,854.918,2
0.455398,833.896,2
0.450306,862.828,2
0.443961,854.658,2
0.451165,881.814,2
0.451417,855.714,2
0.455402,869.82,2
0.471328,885.876,2
0.479769,898.716,2
0.480259,914.392,2
0.485744,893.055,2
0.491617,927.551,2
0.494607,899.108,2
0.481285,924.455,2
0.498736,897.248,2
0.484829,958.083,2
0.504717,960.074,2
0.511332,919.66,2
0.512064,952.042,2
0.518701,935.551,2
0.522125,983.374,2
0.527157,987.213,2
0.521452,951.852,2
0.530768,956.982,2
0.535686,984.909,2
0.514033,990.268,2
0.520235,1004.47,2
0.522969,1025,2
0.524278,1026.19,2
0.552986,1012.19,2
0.534262,1025.83,2
0.54091,1011.63,2
0.553303,1028.55,2
0.538408,1067.16,2
0.569431,1076.57,2
0.575426,1036.46,2
0.580043,1070.26,2
0.553147,1047.61,2
0.578389,1081.63,2
0.586873,1087.58,2
0.568904,1070.66,2
0.590742,1103.53,2
0.598124,1131.31,2
0.582793,1122.81,2
0.59664,1130.95,2
0.584476,1153.74,2
0.603097,1155.68,2
0.610825,1137.77,2
0.60092,1144.38,2
0.60186,1126.77,2
0.621367,1175.24,2
0.601142,1180.49,2
0.617465,1162.11,2
0.607383,1157.38,2
0.61997,1207.42,2
0.615011,1210.57,2
0.630967,1214.47,2
0.636977,1192.26,2
0.652037,1215.01,2
0.661168,1221.93,2
0.630738,1248.19,2
0.663213,1196.39,2
0.647727,1239.04,2
0.672251,1255.51,2
0.667661,1252.38,2
0.649566,1254,2
0.660681,1294.53,2
0.689891,1235.24,2
0.66477,1299.06,2
0.667413,1316.21,2
0.702511,1306.06,2
0.680752,1316.17,2
0.680609,1319.83,2
0.682105,1288.1,2
0.704904,1331.39,2
0.703668,1305.67,2
0.724475,1337.56,2
0.726158,1377.23,2
0.716692,1339.33,2
0.719714,1381.68,2
0.718653,1324.45,2
0.706889,1382.28,2
0.706099,1381.09,2
0.713204,1409.01,2
0.730442,1415.44,2
0.726377,1413.12,2
0.748132,1368.98,2
0.740341,1392.44,2
0.750323,1406.93,2
0.741697,1402.22,2
0.731407,1413.24,2
0.778202,1462.58,2
0.769558,1456.09,2
0.784361,1469.94,2
0.746766,1430.26,2
0.766725,1461.36,2
0.760309,1493.43,2
0.785806,1501.54,2
0.765329,1459.43,2
0.76521,1441.07,2
0.774919,1512.74,2
0.779031,1461.68,2
0.787287,1499.86,2
0.793157,1464.16,2
0.789819,1508.5,2
0.810771,1548.01,2
0.81227,1556.83,2
0.826796,1565.15,2
0.813458,1498.87,2
0.80392,1544.94,2
0.82315,1574.99,2
0.822005,1567.03,2
0.837766,1581.74,2
0.813076,1589.68,2
0.817785,1580.43,2
0.831792,1540.84,2
0.856514,1622.08,2
0.832464,1607.76,2
0.845336,1601.5,2
0.877437,1654.73,2
0.881851,1640.76,2
0.875305,1662.47,2
0.866575,1611.35,2
0.884382,1595.09,2
0.852653,1647.4,2
0.890781,1666.01,2
0.885218,1700.29,2
0.869558,1696.18,2
0.865885,1625.14,2
0.881531,1637.03,2
0.871785,1709.07,2
0.887877,1691.2,2
0.89375,1671.69,2
0.914377,1688.74,2
0.880481,1713.95,2
0.934623,1730.2,2
0.938092,1687.02,2
0.897175,1732.85,2
0.91808,1753.94,2
0.912442,1710.3,2
0.949241,1713.04,2
0.912554,1779.22,2
0.955665,1725.13,2
0.952226,1807.21,2
0.945977,1762.54,2
0.939657,1790.12,2
0.921104,1790.78,2
0.933185,1756.99,2
0.942144,1790.87,2
0.932609,1745.3,2
0.95648,1817.79,2
0.950301,1802.16,2
0.983042,1784.24,2
0.942132,1836.48,2
0.953238,1772.19,2
0.954812,1772.8,2
0.963353,1796.67,2
1.01243,1875.7,2
0.974067,1786.18,2
1.01322,1825.6,2
0.990985,1877.69,2
1.01402,1838.51,2
1.02017,1891.28,2
0.992636,1809.4,2
1.0377,1883.92,2
1.01642,1862.39,2
1.03315,1827.52,2
1.01709,1834.87,2
1.00845,1900.28,2
1.017,1864.09,2
1.00141,1925.1,2
1.00812,1937.71,2
1.03626,1930.27,2
1.03687,1894.69,2
1.04301,1961.3,2
1.01849,1958.92,2
1.05038,1926.86,2
1.0236,1941.06,2
1.06606,1886.84,2
1.0337,1922.82,2
1.0903,1938.4,2
1.06556,1950.46,2
1.10034,1901.86,2
1.10182,1927.84,2
1.10901,1944.34,2
1.09502,1975.19,2
1.10791,2007.81,2
1.10007,1955.94,2
1.10155,1933.13,2
1.09186,1939.01,2
1.10209,1925.43,2
1.11341,2000.36,2
1.08213,1998.04,2
1.1064,1996.76,2
1.09459,1992.31,2
1.11356,1963.75,2
1.0959,2021.38,2
1.11031,1995.01,2
1.12641,1935.32,2
1.14777,1981.06,2
1.16268,2041.32,2
1.12659,2001.94,2
1.14124,1975.99,2
1.13391,2048.13,2
1.11325,2005.06,2
1.1232,1945.95,2
1.14519,1961.95,2
1.13359,1982.31,2
1.14683,2046.08,2
1.16398,1964.69,2
1.17664,2063.64,2
1.19026,2008.87,2
1.14793,2048.81,2
1.16425,2038.12,2
1.21301,1975.76,2
1.17245,2065.84,2
1.21604,1985.81,2
1.20505,2010.18,2
1.17647,1979.95,2
1.2052,2057.62,2
1.17546,2100.71,2
1.212,2093.79,2
1.17985,1985.15,2
1.20999,2100.06,2
1.24754,2052.49,2
1.2083,2084.93,2
1.23296,2085.67,2
1.20575,2066.86,2
1.2222,2014.47,2
1.24763,2021.29,2
1.20115,2022.92,2
1.22711,2027.32,2
1.22804,2010.2,2
1.27382,2029.29,2
1.23284,2021.86,2
1.25997,2079.34,2
1.26018,2090.4,2
1.27055,2073.62,2
1.23347,2096.1,2
1.24443,2096.61,2
1.28627,2058.46,2
1.27292,2122.45,2
1.29168,2069.4,2
1.30107,2046.75,2
1.31219,2085.2,2
1.25187,2117.13,2
1.26884,2034.4,2
1.26992,2041.41,2
1.32014,2037.02,2
1.32143,2069.3,2
1.27969,2029.05,2
1.30179,2053.69,2
1.34103,2090.72,2
1.3364,2094.7,2
1.34563,2137.98,2
1.34702,2073.18,2
1.35621,2142.68,2
1.30286,2118.13,2
1.33786,2133.34,2
1.34821,2127.3,2
1.32572,2136.95,2
1.38252,2088.86,2
1.30949,2057.23,2
1.36759,2120.47,2
1.33324,2146.92,2
1.35062,2109.62,2
1.32166,2099.72,2
1.39445,2123.3,2
1.3482,2053.67,2
1.3678,2096.91,2
1.35078,2146.71,2
1.40046,2091.1,2
1.39351,2150.36,2
1.41761,2084.94,2
1.36077,2060.59,2
1.42908,2088.94,2
1.42928,2086.77,2
1.38962,2114.24,2
1.41116,2182.68,2
1.4172,2169.13,2
1.40167,2133.39,2
1.44019,2093.52,2
1.42804,2070.06,2
1.39526,2139.38,2
1.45528,2175.74,2
1.44245,2110.04,2
1.46371,2146.64,2
1.41558,2086.84,2
1.40104,2144.3,2
1.46107,2083.28,2
1.47552,2174.92,2
1.42194,2119.98,2
1.4087,2100.79,2
1.4205,2204.17,2
1.45175,2131.49,2
1.49979,2157.4,2
1.43104,2130.39,2
1.43334,2080.86,2
1.48033,2127.04,2
1.46482,2106.97,2
1.48965,2130.38,2
1.44225,2119.24,2
1.49291,2145.06,2
1.50617,2085.09,2
1.48255,2148.79,2
1.48303,2211.38,2
1.46046,2201.93,2
1.54674,2196.16,2
1.53977,2130.63,2
1.48423,2103.66,2
1.47428,2115.86,2
1.49299,2202.9,2
1.5635,2096.66,2
1.4981,2205.75,2
1.4964,2100.78,2
1.57702,2098.18,2
1.52358,2107.29,2
1.5652,2154.3,2
1.50935,2215.33,2
1.52779,2170.8,2
1.53905,2192.38,2
1.56758,2146.85,2
1.55578,2102,2
1.52358,2140.59,2
1.54046,2120.31,2
1.52288,2198.3,2
1.55508,2214.59,2
1.58333,2159.71,2
1.61903,2196.42,2
1.58244,2222.18,2
1.53759,2186.05,2
1.63012,2160.63,2
1.60469,2140.75,2
1.55239,2178.65,2
1.58052,2166.69,2
1.55835,2141.08,2
1.61009,2149.72,2
1.60437,2142.88,2
1.57527,2243.34,2
1.62087,2219.78,2
0.0103913,18.2136,4
0.0137022,26.8574,4
0.0174037,31.0872,4
0.0209701,41.391,4
0.0232128,45.4614,4
0.0279502,54.9086,4
0.0311538,57.6506,4
0.0333836,67.3473,4
0.0365371,73.2431,4
0.0411239,83.3178,4
0.0439273,84.725,4
0.0470291,97.0617,4
0.04961,96.6771,4
0.0552631,111.22,4
0.0571896,115.64,4
0.0623935,119.885,4
0.0645618,123.008,4
0.0676877,128.157,4
0.069505,142.174,4
0.0756034,148.355,4
0.0802885,150.034,4
0.0815712,153.225,4
0.0831621,165.841,4
0.0887431,168.945,4
0.0935361,176.789,4
0.0965749,183.765,4
0.100908,197.241,4
0.104861,194.47,4
0.107542,211.116,4
0.111232,208.529,4
0.11462,215.928,4
0.1175,229.996,4
0.118104,228.525,4
0.123032,236.553,4
0.124967,245.499,4
0.132915,248.783,4
0.130013,259.686,4
0.137161,273.862,4
0.138226,268.195,4
0.142665,278.72,4
0.147502,286.558,4
0.151884,287.817,4
0.151609,306.96,4
0.158571,302.76,4
0.158436,316.754,4
0.159616,323.375,4
0.171295,329.355,4
0.174525,330.128,4
0.17528,333.502,4
0.17758,345.551,4
0.178505,365.585,4
0.183552,355.28,4
0.191164,372.119,4
0.195756,367.508,4
0.192469,380.076,4
0.19406,396.934,4
0.203748,391.249,4
0.206326,408.073,4
0.203264,396.639,4
0.20944,414.176,4
0.219087,409.896,4
0.214449,435.887,4
0.227757,439.452,4
0.223224,432.004,4
0.231043,435.377,4
0.229195,463.125,4
0.233174,467.333,4
0.243965,466.63,4
0.235426,487.273,4
0.24517,496.985,4
0.24703,488.924,4
0.250597,504.983,4
0.25365,504.325,4
0.257403,510.443,4
0.267582,520.834,4
0.261043,529.008,4
0.27014,541.817,4
0.269115,530.049,4
0.270786,526.54,4
0.27473,531.081,4
0.281934,543.211,4
0.284376,551.26,4
0.291704,569.628,4
0.28419,589.763,4
0.29859,573.095,4
0.294863,584.504,4
0.302016,604.8,4
0.297408,604.971,4
0.306406,593.304,4
0.309645,616.209,4
0.321268,621.777,4
0.318073,616.626,4
0.328192,619.713,4
0.320475,648.062,4
0.334592,635.735,4
0.324662,643.794,4
0.333438,644.741,4
0.348205,681.217,4
0.341448,684.402,4
0.341486,669.019,4
0.357794,688.513,4
0.354926,692.305,4
0.356964,706.93,4
0.36701,698.196,4
0.36696,728.272,4
0.378725,741.092,4
0.37773,744.907,4
0.378207,727.485,4
0.386038,723.03,4
0.377066,740.051,4
0.390985,758.135,4
0.398953,776.082,4
0.388989,748.127,4
0.383741,786.332,4
0.40516,796.179,4
0.394856,772.44,4
0.402563,806.926,4
0.398195,788.35,4
0.423427,816.923,4
0.41571,816.532,4
0.42127,826.571,4
0.416434,845.904,4
0.434883,833.666,4
0.421562,829.828,4
0.433398,859.336,4
0.433063,838.197,4
0.426268,858.839,4
0.433065,845.983,4
0.457672,860.903,4
0.444295,863.445,4
0.456604,898.106,4
0.465729,893.139,4
0.457793,891.114,4
0.464819,913.921,4
0.4579,920.002,4
0.459376,925.622,4
0.486459,952.704,4
0.467662,955.197,4
0.470787,942.769,4
0.476175,975.109,4
0.475642,930.031,4
0.489884,939.357,4
0.482791,946.946,4
0.482665,985.487,4
0.486212,989.866,4
0.489408,969.8,4
0.504869,1002.89,4
0.495852,1013.61,4
0.508177,1003.72,4
0.52495,1028.38,4
0.510491,1029.51,4
0.52377,1053.55,4
0.524679,1029.73,4
0.536358,1075.4,4
0.530943,1047.4,4
0.545011,1091.28,4
0.542814,1038.06,4
0.539378,1061.91,4
0.533121,1061.7,4
0.560383,1093.39,4
0.547192,1060.93,4
0.547099,1067.93,4
0.574791,1128.06,4
0.564445,1131.88,4
0.580576,1133.68,4
0.574231,1141.82,4
0.578559,1133.58,4
0.595885,1159.7,4
0.576281,1119.45,4
0.592247,1120.73,4
0.591298,1169.02,4
0.592768,1190.12,4
0.600812,1199.12,4
0.582505,1210.34,4
0.591411,1165.79,4
0.590609,1167.11,4
0.604895,1184.94,4
0.603371,1169.77,4
0.634215,1210.46,4
0.634818,1217.74,4
0.636752,1199.37,4
0.642662,1200.12,4
0.612044,1272.96,4
0.633866,1280.15,4
0.630572,1253.07,4
0.62527,1236.18,4
0.640428,1253.3,4
0.648715,1272.26,4
0.649925,1308.86,4
0.659189,1299.74,4
0.641616,1266.2,4
0.6426,1276.5,4
0.683187,1273.85,4
0.670854,1337.83,4
0.672011,1317.61,4
0.691358,1339.12,4
0.664229,1343.33,4
0.664521,1342.05,4
0.691826,1373.71,4
0.708477,1371.88,4
0.709817,1370.68,4
0.686492,1361.41,4
0.705114,1367.69,4
0.720453,1373.21,4
0.710355,1357.5,4
0.70759,1382.48,4
0.699359,1414.57,4
0.718928,1418.55,4
0.738215,1402.34,4
0.712307,1457.95,4
0.705298,1434.24,4
0.714055,1460.66,4
0.733889,1413.54,4
0.727912,1447.44,4
0.725797,1465.71,4
0.736937,1456.5,4
0.764887,1465.95,4
0.732056,1460.68,4
0.762728,1499.41,4
0.739929,1501.44,4
0.764718,1485.26,4
0.755771,1520.48,4
0.764986,1511.91,4
0.763638,1466.44,4
0.794477,1562.68,4
0.776053,1560.18,4
0.769812,1512.75,4
0.772346,1561.38,4
0.796754,1564.83,4
0.79439,1576.64,4
0.788854,1588.61,4
0.786603,1547.03,4
0.792,1589.77,4
0.81769,1623.57,4
0.797505,1633.7,4
0.823589,1557.69,4
0.823688,1621.75,4
0.824667,1589.84,4
0.841624,1611.43,4
0.840773,1614.74,4
0.822343,1664.16,4
0.837955,1640.49,4
0.839442,1657.53,4
0.855036,1620.36,4
0.826484,1650.14,4
0.821602,1623.76,4
0.836398,1702.26,4
0.855086,1642.56,4
0.830098,1727.37,4
0.854525,1656.76,4
0.852468,1675.75,4
0.850546,1665.16,4
0.853243,1669.33,4
0.866279,1733.16,4
0.859339,1751.55,4
0.865988,1760.92,4
0.870858,1739.99,4
0.90433,1777.14,4
0.906863,1698.15,4
0.910642,1698.93,4
0.919138,1767.53,4
0.910532,1736.48,4
0.925549,1780.89,4
0.912093,1744.57,4
0.933579,1758.85,4
0.92417,1765.64,4
0.914921,1838.01,4
0.901452,1805.77,4
0.932012,1778.23,4
0.93707,1782.84,4
0.949452,1786.11,4
0.93674,1838.83,4
0.91851,1822.55,4
0.955382,1784.13,4
0.962874,1862.53,4
0.951896,1792.81,4
0.972908,1793.45,4
0.935815,1838.3,4
0.94332,1842.89,4
0.938974,1851.82,4
0.975667,1908.86,4
0.97398,1835.96,4
0.960966,1834.38,4
0.987332,1886.76,4
0.994129,1841.67,4
0.991064,1905.94,4
1.00954,1948.08,4
0.998922,1905.13,4
0.974534,1937.62,4
1.01616,1854.18,4
0.972818,1941.81,4
1.017,1907.77,4
1.00913,1946.89,4
0.981746,1873.93,4
1.03052,1949.17,4
1.00232,1938.78,4
1.00627,1894.3,4
0.99203,1928.09,4
1.00325,1925.49,4
1.05815,1903.78,4
1.05048,1933.61,4
1.03881,1980.59,4
1.05919,1916.63,4
1.06643,1932.54,4
1.06642,2026.2,4
1.02901,2019.55,4
1.04938,1950.83,4
1.03175,1945.89,4
1.0771,2008.71,4
1.04237,1935.17,4
1.06177,1991.14,4
1.07345,2047.51,4
1.04066,2037.45,4
1.07347,1984.58,4
1.0919,2007.99,4
1.09419,1978.11,4
1.05747,1966.49,4
1.06453,2009.06,4
1.08127,2016.98,4
1.06651,2057.65,4
1.08947,2012.35,4
1.08129,1979.32,4
1.13505,2010.33,4
1.10134,2072.27,4
1.12949,1999.42,4
1.13094,2064.79,4
1.09266,2030.14,4
1.12101,2070.67,4
1.15543,2095.07,4
1.11169,2060.97,4
1.14726,1987.03,4
1.12242,1993.77,4
1.1733,2042.62,4
1.12771,1999.77,4
1.13079,2018.46,4
1.11836,2032.43,4
1.13758,2021.35,4
1.17192,2071.32,4
1.17508,2085.68,4
1.15212,2080.22,4
1.20039,2040.16,4
1.15741,2088.92,4
1.1597,2064.52,4
1.17689,2138.85,4
1.15126,2089.89,4
1.21445,2066.02,4
1.21165,2110.52,4
1.1843,2122.92,4
1.17442,2148.44,4
1.1664,2103.1,4
1.19434,2088.91,4
1.21789,2106.02,4
1.23989,2090.05,4
1.22782,2080.19,4
1.22156,2135.15,4
1.19856,2079.49,4
1.21472,2105.43,4
1.23333,2111.26,4
1.21295,2133.2,4
1.22124,2163.69,4
1.22573,2064.22,4
1.27316,2131.6,4
1.26829,2083.86,4
1.26246,2151.17,4
1.24555,2139.34,4
1.21512,2098.77,4
1.29061,2179.05,4
1.22208,2143.31,4
1.25606,2176.11,4
1.28471,2099.3,4
1.28563,2113.42,4
1.30226,2119.37,4
1.26003,2065.62,4
1.29522,2109.09,4
1.29905,2103.29,4
1.27023,2154.41,4
1.27263,2193.06,4
1.32253,2123.17,4
1.29837,2106.97,4
1.30493,2123.25,4
1.27728,2104.14,4
1.31202,2185.24,4
1.34598,2209.66,4
1.32335,2200.86,4
1.29556,2183.11,4
1.32314,2092.49,4
1.32391,2181.08,4
1.36539,2129.77,4
1.34731,2142.86,4
1.2944,2123.29,4
1.32398,2176.07,4
1.36222,2215.87,4
1.38161,2148.3,4
1.36411,2209.97,4
1.35443,2104.28,4
1.39435,2105.4,4
1.31789,2217.04,4
1.33965,2138.32,4
1.33112,2155.17,4
1.35544,2107.21,4
1.33502,2191.13,4
1.37133,2151.5,4
1.36836,2187.5,4
1.36621,2137.4,4
1.36923,2199.02,4
1.40859,2162.14,4
1.37966,2207.87,4
1.40231,2229.12,4
1.43803,2170.02,4
1.39101,2139.09,4
1.39514,2218.72,4
1.43207,2177.25,4
1.44093,2159.8,4
1.4046,2246.36,4
1.45146,2157.2,4
1.41698,2177.3,4
1.45279,2220.07,4
1.40129,2220.75,4
1.43176,2178.89,4
1.4094,2251.43,4
1.48186,2182.01,4
1.44381,2237.48,4
1.46492,2229.55,4
1.46856,2149.92,4
1.44197,2197.53,4
1.46559,2135.07,4
1.45523,2169,4
1.42297,2238.22,4
1.50715,2209.96,4
1.4895,2255.35,4
1.48724,2146.41,4
1.5132,2258.28,4
1.4731,2201.69,4
1.46621,2219.12,4
1.48829,2155.38,4
1.46156,2208.47,4
1.47988,2175.17,4
1.51871,2169.79,4
1.49929,2177.29,4
1.4786,2230.04,4
1.47931,2252.27,4
1.48578,2161.47,4
1.55187,2205.4,4
1.48098,2149.97,4
1.5268,2157.71,4
1.55063,2264.09,4
1.52731,2223.05,4
1.56062,2249.02,4
1.54003,2167.45,4
1.56388,2233.13,4
1.54677,2278.53,4
1.52574,2164.77,4
1.54376,2163.1,4
1.53471,2262.79,4
1.56198,2231.71,4
1.53888,2250.05,4
1.57453,2285.8,4
1.56338,2252.49,4
1.57213,2254.79,4
1.52783,2202.48,4
1.59084,2245.9,4
1.5589,2281.65,4
1.59429,2279.9,4
1.6037,2194.72,4
0.0103533,17.949,5
0.0134266,28.088,5
0.0166482,32.461,5
0.0202315,39.9937,5
0.0228476,45.5014,5
0.0265566,53.4664,5
0.0309784,58.6094,5
0.0329986,68.7967,5
0.0365871,74.6937,5
0.0409453,80.9153,5
0.0447897,84.1865,5
0.0473487,98.454,5
0.0517035,100.259,5
0.0543656,110.998,5
0.0585652,111.892,5
0.0597468,120.736,5
0.0651435,125.373,5
0.0681815,133.274,5
0.0714206,138.542,5
0.0752405,147.495,5
0.0766999,157.115,5
0.0811903,160.922,5
0.0845845,170.603,5
0.0848598,173.014,5
0.0917031,177.077,5
0.0920864,181.29,5
0.0959191,198.544,5
0.101058,204.896,5
0.106898,209.992,5
0.110397,214.307,5
0.111985,228.868,5
0.112363,222.612,5
0.118017,243.697,5
0.118169,243.438,5
0.125463,245.285,5
0.125493,260.585,5
0.133956,266.915,5
0.134759,268.17,5
0.140243,270.248,5
0.137765,286.97,5
0.140009,288.794,5
0.145871,297.86,5
0.151305,299.403,5
0.1578,308.211,5
0.158014,323.465,5
0.156832,324.04,5
0.161367,328.183,5
0.163184,333.121,5
0.176117,348.17,5
0.175171,356.196,5
0.179139,349.286,5
0.181792,373.383,5
0.189378,384.088,5
0.182489,375.281,5
0.189134,397.813,5
0.199768,384.726,5
0.194462,391.682,5
0.204786,404.635,5
0.21068,406.279,5
0.208145,414.902,5
0.212489,420.315,5
0.212881,438.103,5
0.223127,428.787,5
0.216656,459.749,5
0.222598,438,5
0.234416,458.989,5
0.237035,462.911,5
0.233143,477.871,5
0.233924,466.959,5
0.239333,477.529,5
0.241525,480.398,5
0.243794,507.646,5
0.253742,511.72,5
0.252014,504.174,5
0.254911,531.323,5
0.254627,544.463,5
0.261641,542.465,5
0.271305,558.26,5
0.263494,539.07,5
0.27343,559.626,5
0.278322,564.866,5
0.277395,565.447,5
0.279716,584.654,5
0.288733,590.761,5
0.286389,574.861,5
0.301873,607.494,5
0.293209,585.229,5
0.303779,622.556,5
0.310588,629.432,5
0.308706,614.678,5
0.312583,630.956,5
0.312763,624.637,5
0.323752,642.863,5
0.329715,653.729,5
0.323157,638.233,5
0.321219,644.03,5
0.337263,660.084,5
0.341775,672.641,5
0.344369,679.197,5
0.343154,692.842,5
0.349754,709.171,5
0.349176,707.388,5
0.361211,728.032,5
0.360799,727.074,5
0.366097,744.954,5
0.364123,742.766,5
0.363482,736.314,5
0.364041,725.987,5
0.376962,741.389,5
0.384175,752.268,5
0.389007,771.133,5
0.382246,778.998,5
0.38747,800.922,5
0.391341,778.728,5
0.399107,777.556,5
0.396455,793.208,5
0.39389,788.895,5
0.396321,801.618,5
0.413711,838.598,5
0.413112,814.977,5
0.411447,847.645,5
0.405762,838.867,5
0.409867,822.998,5
0.43039,836.647,5
0.436057,855.828,5
0.427622,842.271,5
0.43266,875.676,5
0.440437,887.966,5
0.439268,896.854,5
0.433309,918.713,5
0.436483,918.805,5
0.440191,933.541,5
0.440547,888.806,5
0.444893,902.896,5
0.45276,911.106,5
0.448999,915.53,5
0.472882,954.724,5
0.456241,943.781,5
0.479851,926.211,5
0.47563,964.191,5
0.482034,970.559,5
0.478334,968.412,5
0.479026,1008.16,5
0.498305,987.736,5
0.480466,974.926,5
0.505858,982.689,5
0.512686,1002.85,5
0.492825,1026.64,5
0.499687,1014.32,5
0.511207,1020.09,5
0.502215,1031.02,5
0.518586,1030.31,5
0.519945,1064.66,5
0.52395,1064.35,5
0.526835,1032.8,5
0.525219,1049.33,5
0.519657,1106.01,5
0.548742,1114.8,5
0.538227,1070.57,5
0.542661,1107,5
0.556924,1073.8,5
0.559646,1127.98,5
0.542433,1091.54,5
0.562353,1098.82,5
0.56202,1115.18,5
0.577803,1138.47,5
0.573966,1121.32,5
0.570211,1153.62,5
0.572027,1150.16,5
0.566824,1143.61,5
0.56686,1195.05,5
0.583158,1195.25,5
0.577267,1196.67,5
0.573417,1222.13,5
0.587184,1170.93,5
0.607742,1184.31,5
0.592802,1200.63,5
0.61863,1189.1,5
0.624124,1229.59,5
0.604345,1258.43,5
0.616949,1224.38,5
0.602604,1245.16,5
0.621394,1233.74,5
0.615817,1281.62,5
0.633313,1263.47,5
0.632587,1276.44,5
0.650971,1315.55,5
0.637821,1316.46,5
0.642684,1263.1,5
0.633809,1312.55,5
0.63953,1346.77,5
0.638985,1327.83,5
0.648537,1358.67,5
0.651678,1330.95,5
0.67606,1347.35,5
0.666103,1307.02,5
0.656674,1306.2,5
0.683657,1332.69,5
0.678054,1362.34,5
0.676848,1388.84,5
0.6612,1371.5,5
0.664722,1371.5,5
0.686478,1348.12,5
0.694851,1395.46,5
0.703261,1382.45,5
0.682231,1430.51,5
0.71754,1441.43,5
0.700392,1448.45,5
0.697565,1457.52,5
0.726591,1409.77,5
0.709944,1403.29,5
0.697284,1436.46,5
0.735644,1428.32,5
0.731376,1472.78,5
0.726046,1439.37,5
0.752985,1499.75,5
0.715579,1499.34,5
0.731245,1477.68,5
0.742794,1528.67,5
0.731398,1538.19,5
0.733741,1473.34,5
0.747215,1556.21,5
0.760747,1500.89,5
0.778691,1516.96,5
0.740276,1489.79,5
0.764233,1555.93,5
0.776609,1573.84,5
0.792108,1570.66,5
0.795007,1576.5,5
0.770282,1557.23,5
0.782683,1584.44,5
0.784294,1587.55,5
0.782309,1575.81,5
0.802309,1586.15,5
0.789648,1569.73,5
0.800115,1562.89,5
0.78986,1653.6,5
0.782014,1609.66,5
0.793966,1620.13,5
0.812321,1655.69,5
0.827313,1615.04,5
0.836452,1604.03,5
0.80881,1657.94,5
0.831038,1705.89,5
0.817974,1632.35,5
0.825443,1636.82,5
0.821428,1696.08,5
0.814257,1722.73,5
0.834769,1699.82,5
0.834745,1733.81,5
0.834777,1675.05,5
0.867525,1667.05,5
0.863255,1674.54,5
0.883793,1696.06,5
0.845435,1717.26,5
0.848626,1746.53,5
0.884785,1784.43,5
0.897386,1795.9,5
0.855303,1785.54,5
0.861002,1741.61,5
0.898427,1739.37,5
0.889962,1772.31,5
0.865534,1809.11,5
0.899843,1775.88,5
0.89807,1824.71,5
0.910151,1850.23,5
0.907672,1757.68,5
0.894026,1860.21,5
0.885104,1849.66,5
0.909296,1782.98,5
0.941566,1839.57,5
0.900802,1833.65,5
0.902418,1799.48,5
0.950717,1865.85,5
0.910601,1910.39,5
0.909966,1834.3,5
0.914136,1897.9,5
0.942875,1866.53,5
0.921661,1857.72,5
0.950377,1883.74,5
0.945904,1918.53,5
0.926767,1917.31,5
0.96759,1872.66,5
0.982477,1873.94,5
0.987556,1874.81,5
0.961347,1934.56,5
0.99243,1862.12,5
0.954487,1906.14,5
0.999896,1914.05,5
1.00465,1963.2,5
0.990522,1964.9,5
0.980539,1880.6,5
1.00019,1910.86,5
0.993319,1921.94,5
0.980766,1962.95,5
0.972691,1967.82,5
0.986674,1901.19,5
0.978049,1924.82,5
1.00413,2024.33,5
1.02007,1982.2,5
1.02945,1995.62,5
1.04242,1948.92,5
1.04634,1926.85,5
1.01353,1942.4,5
1.01722,1972.75,5
1.04235,1955.28,5
1.01889,2042.06,5
1.04529,2036.08,5
1.07004,2059.43,5
1.05244,1997.34,5
1.04158,1958.93,5
1.03072,2056.32,5
1.06374,2019.35,5
1.08089,2050.5,5
1.09081,2021.02,5
1.05495,2084.74,5
1.07175,2058.73,5
1.06135,2049.88,5
1.10424,1977.49,5
1.10644,2085.96,5
1.10679,1994.47,5
1.11779,2044.83,5
1.09998,2015.66,5
1.10302,2010.25,5
1.11797,2028.39,5
1.11739,2109.46,5
1.0737,2041.44,5
1.13066,2096.38,5
1.1169,2061.39,5
1.12692,2045.87,5
1.1163,2099.39,5
1.13529,2052.76,5
1.11621,2041.69,5
1.13244,2091.18,5
1.1438,2016.88,5
1.10251,2027.06,5
1.11731,2143.11,5
1.16976,2100.38,5
1.13801,2057.09,5
1.17358,2100.03,5
1.13942,2156.1,5
1.18563,2155.89,5
1.18595,2100.32,5
1.17531,2114.7,5
1.14719,2165.39,5
1.15543,2074.26,5
1.19317,2087.73,5
1.19735,2167.24,5
1.18319,2143.85,5
1.16966,2159.7,5
1.18846,2067.03,5
1.20841,2176.13,5
1.1631,2097.97,5
1.19521,2138.11,5
1.22235,2095.43,5
1.23564,2104.63,5
1.22988,2163.69,5
1.20249,2143.85,5
1.21155,2164.98,5
1.21118,2135.88,5
1.24264,2146.92,5
1.19409,2110.07,5
1.2044,2111.18,5
1.25672,2193.58,5
1.23322,2148.29,5
1.25631,2152.14,5
1.23039,2119.55,5
1.21123,2178.93,5
1.25209,2085.81,5
1.2205,2123.42,5
1.26088,2202.6,5
1.22664,2107.39,5
1.23148,2194.55,5
1.24147,2196.3,5
1.27965,2114.77,5
1.26665,2166.11,5
1.29673,2119.76,5
1.24574,2168.41,5
1.25514,2223.28,5
1.27491,2226.32,5
1.24767,2119.38,5
1.29224,2099.63,5
1.26408,2221.36,5
1.29656,2149.95,5
1.29097,2149.25,5
1.29812,2227.23,5
1.32374,2160.67,5
1.3206,2183.3,5
1.33314,2214.68,5
1.34106,2134.28,5
1.29938,2203.77,5
1.35518,2183.69,5
1.34469,2134.29,5
1.34209,2145.14,5
1.36274,2211.89,5
1.29494,2196.37,5
1.33371,2126.65,5
1.36246,2250.12,5
1.31089,2212.34,5
1.37818,2240.28,5
1.37777,2129.98,5
1.33072,2178.9,5
1.33281,2183.87,5
1.36475,2135.23,5
1.36336,2163.45,5
1.38368,2215.54,5
1.35903,2207.26,5
1.41408,2150.56,5
1.37172,2199.3,5
1.36774,2188.19,5
1.40007,2146.94,5
1.35756,2240.32,5
1.42274,2244.32,5
1.40189,2213.09,5
1.36693,2210.18,5
1.38337,2194.57,5
1.43914,2220.58,5
1.42393,2188.32,5
1.43911,2261.97,5
1.45575,2191.42,5
1.44081,2258.29,5
1.42069,2209.69,5
1.42147,2273.08,5
1.43961,2149.17,5
1.47156,2239.17,5
1.45307,2210.93,5
1.47246,2191.68,5
1.4629,2226.33,5
1.41359,2258.53,5
1.43837,2237.5,5
1.41391,2211.28,5
1.43879,2172.81,5
1.43703,2274.45,5
1.42987,2196.29,5
1.48319,2242.39,5
1.49697,2245.01,5
1.49488,2248.78,5
1.46877,2277.34,5
1.46135,2272.12,5
1.50135,2190,5
1.50055,2254.68,5
1.4827,2261,5
1.50796,2178.61,5
1.52751,2194.08,5
1.4572,2253.94,5
1.49481,2219.9,5
1.47544,2266.72,5
1.53943,2294.69,5
1.54365,2266.63,5
1.5284,2295.94,5
1.47713,2270.89,5
1.48446,2276.07,5
1.53748,2185.61,5
1.48509,2272.31,5
1.50086,2256.89,5
1.54654,2238.2,5
1.52907,2299.39,5
1.52656,2284.94,5
1.56271,2300.94,5
1.52011,2272.06,5
1.52596,2296.51,5
1.58475,2201.42,5
1.53226,2232.97,5
1.51647,2236.71,5
0.0102654,18.2257,0
0.0134145,28.1198,0
0.0164952,32.5632,0
0.0202588,42.4682,0
0.023992,46.2652,0
0.0277551,54.8538,0
0.0297592,60.5203,0
0.0340958,69.5538,0
0.0368727,75.8292,0
0.0401569,84.1435,0
0.0442914,86.6296,0
0.0476031,99.3636,0
0.0497454,103.715,0
0.0548123,109.313,0
0.0583976,112.825,0
0.0616934,123.465,0
0.0632282,130.222,0
0.068503,130.053,0
0.0728576,141.635,0
0.0764562,152.023,0
0.0778333,160.259,0
0.0834833,165.974,0
0.0824566,173.177,0
0.0859687,178.158,0
0.0905314,189.187,0
0.0964105,192.264,0
0.0956774,193.574,0
0.101973,208.502,0
0.103539,218.429,0
0.107386,214.552,0
0.114619,227.233,0
0.117856,227.513,0
0.11849,240.754,0
0.124231,251.53,0
0.125075,255.995,0
0.129259,258.769,0
0.133168,271.508,0
0.13757,277.623,0
0.136956,282.811,0
0.139665,291.746,0
0.148898,290.426,0
0.147119,293.684,0
0.154949,318.363,0
0.155668,319.011,0
0.161163,321.282,0
0.161003,335.56,0
0.168866,341.193,0
0.167489,338.491,0
0.169014,344.729,0
0.171659,353.111,0
0.183494,374.821,0
0.177907,368.843,0
0.189778,386.472,0
0.184696,386.149,0
0.191734,382.363,0
0.200622,400.774,0
0.20241,414.803,0
0.201321,421.85,0
0.200512,403.996,0
0.210483,427.483,0
0.213108,436.111,0
0.21622,427.333,0
0.217876,434.918,0
0.218099,464.612,0
0.223306,456.333,0
0.234436,460.273,0
0.232626,459.346,0
0.24067,494.758,0
0.237579,491.244,0
0.247247,483.002,0
0.247123,507.773,0
0.252786,521.922,0
0.250053,502.74,0
0.262317,520.66,0
0.261736,515.961,0
0.258122,549.531,0
0.274536,531.988,0
0.270737,565.352,0
0.27134,547.451,0
0.283241,561.369,0
0.281835,553.631,0
0.291577,573.241,0
0.293969,574.53,0
0.286567,572.453,0
0.285839,588.975,0
0.29633,604.893,0
0.306051,607.298,0
0.308811,599.893,0
0.302714,631.998,0
0.320408,628.593,0
0.308961,621.305,0
0.316256,659.316,0
0.320328,650.56,0
0.325103,662.499,0
0.325165,677.118,0
0.339729,677.753,0
0.339779,681.848,0
0.348237,665.084,0
0.341947,678.926,0
0.353709,714.551,0
0.339874,702.526,0
0.349873,698.011,0
0.345706,719.252,0
0.355108,731.948,0
0.361036,745.909,0
0.360574,731.232,0
0.362768,762.471,0
0.362413,761.289,0
0.36515,776.427,0
0.374953,757.848,0
0.389854,799.185,0
0.377721,796.197,0
0.392391,808.931,0
0.392022,785.086,0
0.390762,813.202,0
0.388421,792.714,0
0.394576,829.856,0
0.399808,823.002,0
0.402406,837.445,0
0.420115,843.028,0
0.426022,857.496,0
0.41052,837.26,0
0.430468,863.419,0
0.422096,842.718,0
0.441486,883.745,0
0.432007,854.867,0
0.438101,901.125,0
0.4303,887.813,0
0.430194,920.305,0
0.439937,918.978,0
0.440468,939.201,0
0.456542,935.783,0
0.469536,914.524,0
0.447447,908.776,0
0.459384,932.76,0
0.464254,920.909,0
0.477447,928.866,0
0.485337,983.332,0
0.488075,948.462,0
0.471062,1002.49,0
0.474487,956.025,0
0.48028,960.042,0
0.504949,1001.41,0
0.50225,1008.7,0
0.49347,1032.21,0
0.486961,1015.24,0
0.508143,1037.89,0
0.507793,1053.8,0
0.516441,1058.97,0
0.505932,1042.52,0
0.513604,1054.94,0
0.53038,1034.07,0
0.530454,1078.07,0
0.534594,1066.32,0
0.544233,1052.38,0
0.520328,1097.55,0
0.530662,1061.39,0
0.534927,1088.64,0
0.52972,1097.91,0
0.541494,1103.33,0
0.560327,1118.75,0
0.56031,1098,0
0.566687,1156.46,0
0.552091,1161.31,0
0.572791,1167.38,0
0.571322,1130.16,0
0.567659,1188.9,0
0.56411,1194.57,0
0.567188,1155.33,0
0.591643,1157.37,0
0.5709,1201.26,0
0.573182,1197.65,0
0.604416,1233.49,0
0.597307,1225.08,0
0.61244,1197.3,0
0.610932,1189.54,0
0.615341,1217.09,0
0.61578,1238.68,0
0.627934,1230.42,0
0.622257,1253.34,0
0.605158,1290.86,0
0.633118,1276.61,0
0.633668,1256.99,0
0.614022,1312.11,0
0.642422,1264.41,0
0.6456,1278.76,0
0.649684,1331.89,0
0.660441,1291.12,0
0.657402,1294.88,0
0.642303,1293.42,0
0.637981,1325.16,0
0.667939,1292.52,0
0.657839,1342.4,0
0.650979,1344.55,0
0.683868,1380,0
0.656316,1398.46,0
0.679287,1387.2,0
0.674389,1412.21,0
0.671897,1335.67,0
0.689711,1380.01,0
0.690718,1401.91,0
0.670208,1439.68,0
0.691841,1363.9,0
0.680553,1393.33,0
0.7046,1412.89,0
0.686293,1398.85,0
0.727693,1409.21,0
0.717243,1463.9,0
0.696752,1475.49,0
0.711282,1447.42,0
0.73493,1458.05,0
0.717752,1450.13,0
0.725715,1464.34,0
0.725168,1494.8,0
0.735912,1495,0
0.725609,1468.13,0
0.75236,1546.22,0
0.738569,1471.37,0
0.729643,1535.87,0
0.738399,1514.83,0
0.767746,1536.05,0
0.752773,1575.33,0
0.749276,1582.94,0
0.762118,1586.39,0
0.777478,1517.19,0
0.782113,1551.45,0
0.782495,1528.18,0
0.777334,1554.21,0
0.760737,1630.03,0
0.773295,1584.73,0
0.794748,1616.68,0
0.808395,1581.01,0
0.81577,1613.44,0
0.818549,1608.56,0
0.791456,1613.02,0
0.808564,1607.86,0
0.826482,1654.29,0
0.805159,1616.59,0
0.791954,1702.7,0
0.827888,1693.11,0
0.799735,1698.59,0
0.826794,1637.51,0
0.8241,1689.88,0
0.844527,1705.09,0
0.822796,1699.64,0
0.852813,1694.1,0
0.842644,1654.52,0
0.82866,1662.81,0
0.837803,1701.87,0
0.830099,1721.76,0
0.869189,1689.81,0
0.879379,1721.63,0
0.8565,1790.1,0
0.852871,1799.5,0
0.844932,1783.57,0
0.890671,1749.87,0
0.866359,1724.16,0
0.881631,1812.71,0
0.904456,1783.96,0
0.861543,1817.2,0
0.905811,1805.88,0
0.870989,1844.89,0
0.912928,1842.85,0
0.885776,1860.44,0
0.923092,1872.49,0
0.9195,1816.87,0
0.920026,1795.96,0
0.929064,1872.66,0
0.8912,1834.88,0
0.901497,1851.62,0
0.944011,1803.38,0
0.90678,1858.28,0
0.953208,1820.93,0
0.948536,1917.29,0
0.950877,1884.53,0
0.938165,1891.6,0
0.92134,1898.44,0
0.94928,1943.35,0
0.958427,1844.14,0
0.980386,1923.48,0
0.960423,1869,0
0.98077,1895.69,0
0.981092,1928.87,0
0.941278,1917.84,0
0.984688,1974.79,0
0.944672,1933.44,0
0.975513,1910.32,0
0.97416,1938.76,0
0.993975,1988,0
0.960937,1948.92,0
0.961413,2007.7,0
1.01677,1906.27,0
1.01099,1949.45,0
0.99085,2029.14,0
1.017,1953.78,0
1.01039,2023.22,0
0.995031,2036.19,0
0.99393,1970.39,0
1.00909,1999.42,0
0.994641,2044.06,0
1.00992,1949.58,0
1.0033,1990.29,0
1.04395,2053.91,0
1.05049,2028.63,0
1.03418,1996.77,0
1.01616,2050.91,0
1.0363,1991.97,0
1.07294,1983.13,0
1.0525,2089.17,0
1.04122,2097.68,0
1.05325,2088.56,0
1.04015,1986.26,0
1.09321,2059.97,0
1.04186,1997.73,0
1.09535,2062.33,0
1.10366,2096.45,0
1.10158,2006.34,0
1.0873,2093.49,0
1.10307,2097.01,0
1.07501,2121.23,0
1.06838,2008.56,0
1.12724,2133.74,0
1.10625,2020.76,0
1.12673,2109.53,0
1.11413,2059.17,0
1.07692,2079.04,0
1.07895,2133,0
1.11288,2025.61,0
1.14122,2099.69,0
1.10013,2114.46,0
1.14716,2051.5,0
1.11471,2111.02,0
1.10329,2107.04,0
1.14718,2099.76,0
1.14296,2045.88,0
1.17583,2076.02,0
1.14402,2171.89,0
1.16379,2104.94,0
1.16597,2158.27,0
1.17306,2155.53,0
1.14954,2106.29,0
1.16239,2145.75,0
1.19538,2094.26,0
1.14917,2086.56,0
1.17493,2137.65,0
1.15169,2071.23,0
1.16804,2153.39,0
1.19449,2115.24,0
1.21256,2135.73,0
1.17234,2108.74,0
1.20544,2168.09,0
1.21055,2104.89,0
1.22077,2183.97,0
1.22298,2154.69,0
1.17764,2165.36,0
1.17709,2144.36,0
1.22193,2187.47,0
1.20708,2201.35,0
1.1941,2127.62,0
1.19656,2167.77,0
1.19631,2132.64,0
1.21425,2188.04,0
1.26751,2100.98,0
1.20413,2151.11,0
1.26674,2150.05,0
1.25957,2188.56,0
1.23263,2113.66,0
1.23411,2198.55,0
1.24953,2186.72,0
1.22366,2125.59,0
1.23572,2172.93,0
1.25519,2127.77,0
1.26773,2161.42,0
1.28946,2173.69,0
1.26118,2226.76,0
1.29035,2205.68,0
1.27036,2134,0
1.28509,2174.63,0
1.32413,2183.96,0
1.27758,2207.48,0
1.29055,2204.06,0
1.26825,2195.83,0
1.30799,2247.45,0
1.29539,2182.51,0
1.2775,2251.72,0
1.29587,2200.97,0
1.28445,2192.79,0
1.31593,2242.3,0
1.32839,2205.55,0
1.33995,2215.59,0
1.3494,2247.32,0
1.31787,2141.69,0
1.34955,2165.7,0
1.30001,2165.66,0
1.34202,2265.46,0
1.32942,2230.47,0
1.34643,2258.79,0
1.33211,2248.74,0
1.32479,2215.09,0
1.37933,2213.22,0
1.3419,2157.47,0
1.32703,2237.16,0
1.38142,2176.06,0
1.40551,2200.12,0
1.36759,2237.89,0
1.34829,2179.78,0
1.4206,2175.37,0
1.41838,2251.04,0
1.39179,2257.54,0
1.377,2256.11,0
1.42299,2257.51,0
1.36026,2266.41,0
1.40106,2173.02,0
1.37279,2194.45,0
1.44039,2297.03,0
1.42083,2186.83,0
1.43841,2211.66,0
1.42093,2250.1,0
1.40992,2267.62,0
1.3965,2275.64,0
1.42485,2229.1,0
1.44065,2215.29,0
1.44074,2301.14,0
1.41998,2188.52,0
1.47012,2288.03,0
1.44967,2191.45,0
1.48744,2230.72,0
1.46896,2264.24,0
1.48377,2187.02,0
1.47348,2257.29,0
1.42736,2238.27,0
1.42425,2268.64,0
1.47207,2257.29,0
1.46155,2283.32,0
1.49044,2190.61,0
1.50823,2238.17,0
1.49885,2238.84,0
1.46328,2209.67,0
1.48613,2316.24,0
1.52853,2248.39,0
1.47548,2228.75,0
1.51836,2204.95,0
1.47234,2270.66,0
1.49716,2221.4,0
1.54804,2231.01,0
1.55127,2283.47,0
1.52924,2210.84,0
1.50125,2289.25,0
1.49243,2264.19,0
1.52421,2233.14,0
1.49209,2334.12,0
1.5168,2281.82,0
1.51231,2289.48,0
1.54985,2291.27,0
1.567,2262.64,0
1.5291,2223.96,0
1.53205,2215.7,0
1.51191,2237.53,0
1.55336,2310.43,0
1.52179,2248.13,0
1.58594,2277.34,0
1.56119,2266.9,0
1.57788,2213.26,0
1.58403,2296.46,0
0.00995263,19.0499,1
0.0134417,27.0313,1
0.0169647,32.7167,1
0.020205,42.256,1
0.023235,47.5641,1
0.0265648,55.715,1
0.0303345,59.0914,1
0.033024,67.8266,1
0.0359252,74.4765,1
0.0387785,82.5234,1
0.0421231,87.3365,1
0.0448647,97.8671,1
0.0508431,102.51,1
0.0525843,110.244,1
0.0546061,113.196,1
0.0582802,123.413,1
0.0621607,126.217,1
0.0678473,132.724,1
0.0703753,143.214,1
0.0739001,149.405,1
0.0764297,160.854,1
0.0796813,162.905,1
0.0823702,168.259,1
0.0867549,175.82,1
0.0911565,186.807,1
0.0934081,193.475,1
0.095946,201.411,1
0.097606,204.538,1
0.101111,218.417,1
0.107508,221.221,1
0.107224,233.092,1
0.110821,226.298,1
0.112797,241.592,1
0.117588,242.552,1
0.1253,248.994,1
0.127559,264.014,1
0.125533,273.101,1
0.135367,273.94,1
0.135858,291.288,1
0.138836,289.072,1
0.144228,294.563,1
0.145479,293.189,1
0.144113,311.469,1
0.151695,308.874,1
0.155843,319.774,1
0.158373,330.323,1
0.159414,333.806,1
0.166518,345.61,1
0.166051,356.422,1
0.16689,363.968,1
0.178166,368.678,1
0.174316,361.277,1
0.177146,373.359,1
0.183125,388.842,1
0.191778,396.187,1
0.186842,388.924,1
0.194965,412.884,1
0.192506,405.968,1
0.20139,405.177,1
0.201181,420.34,1
0.20178,424.724,1
0.210074,449.492,1
0.211091,440.688,1
0.21832,462.027,1
0.219065,460.787,1
0.225507,473.219,1
0.223587,483.747,1
0.230205,479.595,1
0.238276,493.812,1
0.231056,499.669,1
0.238037,512.158,1
0.246883,523.521,1
0.248762,505.993,1
0.252531,524.368,1
0.26029,532.96,1
0.257844,553.948,1
0.252654,531.229,1
0.25971,560.09,1
0.270703,545.41,1
0.273668,551.514,1
0.279248,559.225,1
0.271454,589.697,1
0.283251,568.825,1
0.283828,588.086,1
0.289736,614.895,1
0.288161,616.53,1
0.300353,612.407,1
0.299472,630.787,1
0.29555,619.888,1
0.297468,621.639,1
0.304954,644.965,1
0.306843,632.996,1
0.312902,660.835,1
0.322066,641.129,1
0.316222,683.372,1
0.31524,656.382,1
0.335007,676.931,1
0.32146,705.597,1
0.332135,693.128,1
0.32673,720.869,1
0.346548,722.656,1
0.337895,713.438,1
0.352082,702.736,1
0.341678,730.007,1
0.348167,741.196,1
0.359267,727.062,1
0.358821,755.428,1
0.359544,735.734,1
0.368217,782.321,1
0.371115,776.086,1
0.373833,758.861,1
0.372374,778.781,1
0.377125,781.157,1
0.376106,796.572,1
0.395243,784.063,1
0.387606,797.232,1
0.400677,809.205,1
0.39755,850.011,1
0.392635,818.535,1
0.3993,836.913,1
0.411686,841.366,1
0.408493,853.596,1
0.411193,876.766,1
0.40723,872.629,1
0.415426,873.241,1
0.424257,870.124,1
0.43248,867.569,1
0.434394,911.609,1
0.430797,926.719,1
0.439183,883.756,1
0.431491,891.413,1
0.431083,930.513,1
0.432925,927.006,1
0.457936,929.38,1
0.452876,965.026,1
0.453945,973.097,1
0.453844,964.705,1
0.465578,960.374,1
0.461243,983.824,1
0.472201,990.648,1
0.45964,985.833,1
0.488266,980.736,1
0.485395,974.344,1
0.488861,1002.95,1
0.498288,1006.36,1
0.478995,1017.72,1
0.481782,1004.13,1
0.500471,1029.74,1
0.505315,1051.75,1
0.49046,1019.63,1
0.493695,1083.1,1
0.498732,1040.74,1
0.508494,1071.89,1
0.51075,1050.6,1
0.510161,1091.51,1
0.522319,1120.36,1
0.509872,1100.87,1
0.537947,1092.29,1
0.522023,1140.41,1
0.519092,1101.62,1
0.531411,1112.61,1
0.553898,1121.55,1
0.557485,1169.51,1
0.558432,1178.69,1
0.549504,1146.62,1
0.548121,1182.45,1
0.548143,1142.32,1
0.545249,1139.03,1
0.557645,1207.88,1
0.580444,1217.56,1
0.571788,1160.65,1
0.589034,1182.15,1
0.572558,1193.31,1
0.596741,1228.61,1
0.585601,1213.19,1
0.584653,1238.74,1
0.592187,1231.01,1
0.605524,1250.13,1
0.584302,1269.01,1
0.60688,1227.57,1
0.588859,1264.96,1
0.623705,1279.54,1
0.592038,1273.92,1
0.6148,1291.26,1
0.6215,1294.47,1
0.607141,1278.94,1
0.615377,1317.01,1
0.644064,1276.26,1
0.63992,1318.31,1
0.641364,1341.21,1
0.618862,1368.63,1
0.654339,1333.8,1
0.64031,1320.03,1
0.660087,1380.78,1
0.664885,1335.78,1
0.662617,1377.93,1
0.636329,1375.83,1
0.667274,1388.95,1
0.665446,1417.24,1
0.67711,1431.33,1
0.655014,1435.87,1
0.674691,1410.25,1
0.664233,1424.96,1
0.672266,1384.69,1
0.698987,1440.24,1
0.673188,1404.66,1
0.688804,1418.16,1
0.685637,1422.75,1
0.679115,1494.09,1
0.704707,1478.16,1
0.685283,1441.13,1
0.701859,1498.99,1
0.716054,1471.73,1
0.707144,1504.52,1
0.731252,1492.05,1
0.737343,1514.1,1
0.738052,1546.05,1
0.713908,1545.95,1
0.711858,1508.44,1
0.740605,1517.88,1
0.749687,1559.79,1
0.737062,1561.63,1
0.735342,1566.6,1
0.742152,1548.26,1
0.742441,1531.38,1
0.75345,1541.93,1
0.774831,1555.58,1
0.771978,1614.72,1
0.764684,1635.6,1
0.779757,1611.74,1
0.768816,1577.65,1
0.757228,1642.44,1
0.787621,1587.39,1
0.788399,1579.52,1
0.793014,1658.51,1
0.766588,1667.76,1
0.799167,1618.94,1
0.811139,1657.19,1
0.813123,1625.39,1
0.783276,1689.78,1
0.801329,1630.31,1
0.807889,1639.91,1
0.787403,1667.84,1
0.814104,1673.17,1
0.805939,1744.33,1
0.837137,1662.81,1
0.81513,1754.33,1
0.810043,1682.33,1
0.848351,1771.27,1
0.826959,1779.98,1
0.856092,1736.82,1
0.851104,1777.02,1
0.836354,1746.34,1
0.827916,1783.92,1
0.846025,1719.64,1
0.858894,1744.66,1
0.835434,1809.41,1
0.833891,1779.66,1
0.875992,1791.41,1
0.852063,1785.08,1
0.871595,1779.04,1
0.861823,1846.96,1
0.857017,1763.05,1
0.868273,1808.31,1
0.894168,1789.09,1
0.868345,1886.21,1
0.863074,1865.11,1
0.899225,1798.14,1
0.88964,1894.53,1
0.880212,1839.02,1
0.892854,1876.59,1
0.896059,1882.58,1
0.912866,1896.52,1
0.890631,1917.89,1
0.905298,1912.42,1
0.897242,1930.57,1
0.912236,1934.01,1
0.934581,1921.24,1
0.905233,1856.8,1
0.95143,1923.66,1
0.952814,1975.03,1
0.941801,1891.89,1
0.951329,1898.35,1
0.964702,1980.57,1
0.96078,1958.63,1
0.946456,1940.32,1
0.925516,1976.32,1
0.947647,1941.15,1
0.951426,1911.92,1
0.963879,1926.96,1
0.977822,1969.65,1
0.940261,1916.7,1
0.956043,1988.4,1
0.951876,1953.63,1
0.967304,1978.35,1
0.957988,1956.99,1
0.980426,2014.18,1
1.00629,1998.19,1
0.987357,1992.51,1
1.01503,2056.53,1
1.0066,2064.71,1
1.00113,2072.08,1
1.0262,2026.19,1
1.03227,2065.91,1
1.02727,2082.29,1
1.02026,2041.47,1
1.003,2024.13,1
0.996019,2005.25,1
1.04926,2010.25,1
1.04882,2036.35,1
1.04978,2087.71,1
1.05015,2023.42,1
1.06167,2054.04,1
1.04113,2031.67,1
1.03584,2028.26,1
1.01874,2066.09,1
1.02036,2043.48,1
1.0586,2065.82,1
1.0624,2101.13,1
1.04891,2073.75,1
1.06254,2102.48,1
1.09096,2019.33,1
1.05629,2111.86,1
1.06559,2085.41,1
1.10923,2030.55,1
1.05895,2134.72,1
1.0999,2064.43,1
1.10164,2151.67,1
1.1055,2140.4,1
1.11792,2113.14,1
1.07325,2136.66,1
1.09674,2078.44,1
1.12345,2094.33,1
1.13701,2082.85,1
1.0813,2074.18,1
1.14496,2169.7,1
1.08932,2157.39,1
1.1487,2096.32,1
1.13257,2105.64,1
1.10342,2177.17,1
1.16198,2104.71,1
1.10913,2104.01,1
1.16426,2180.97,1
1.16048,2137.19,1
1.11367,2193.79,1
1.16474,2152.23,1
1.12707,2128.22,1
1.12842,2169.35,1
1.13592,2128.75,1
1.18459,2164.97,1
1.15335,2137.47,1
1.1445,2157.1,1
1.17374,2191.55,1
1.19272,2161.48,1
1.17217,2219.66,1
1.20035,2168.32,1
1.16627,2157.01,1
1.15505,2199.14,1
1.22196,2116.22,1
1.2095,2213.31,1
1.20588,2145.64,1
1.20216,2179.47,1
1.22148,2118.3,1
1.22255,2156.37,1
1.22036,2138.82,1
1.20783,2125.83,1
1.18094,2198.91,1
1.19889,2238.03,1
1.21346,2209.64,1
1.20977,2220.9,1
1.20926,2193.51,1
1.23316,2248.54,1
1.23565,2225.99,1
1.20224,2241.74,1
1.24088,2250.43,1
1.27917,2199.71,1
1.212,2189.7,1
1.28681,2138.53,1
1.26324,2170.08,1
1.26571,2175.32,1
1.22716,2153.77,1
1.2613,2244.92,1
1.24777,2229.23,1
1.24136,2244.13,1
1.29658,2261.74,1
1.30584,2223.26,1
1.2782,2178.25,1
1.28018,2165.23,1
1.26268,2266.07,1
1.32701,2153.24,1
1.3275,2267.2,1
1.30607,2223.39,1
1.32219,2243.76,1
1.29444,2259.89,1
1.34335,2274.75,1
1.30607,2254.48,1
1.27824,2200.04,1
1.33569,2186,1
1.31735,2219.07,1
1.33615,2178.99,1
1.29302,2221.38,1
1.3047,2204.76,1
1.37284,2186.86,1
1.33055,2266.91,1
1.35847,2249.88,1
1.3307,2291.55,1
1.34623,2228.76,1
1.33331,2280.41,1
1.36419,2173.69,1
1.3858,2239.14,1
1.38635,2230.82,1
1.33977,2303.53,1
1.3732,2250.76,1
1.37199,2191.83,1
1.36663,2230.61,1
1.34943,2181.99,1
1.40772,2312.67,1
1.36176,2264,1
1.38323,2313.51,1
1.40629,2223.11,1
1.40224,2308.96,1
1.38184,2239.91,1
1.40291,2271.56,1
1.3665,2310.74,1
1.41665,2222.77,1
1.36967,2293.18,1
1.42692,2265.07,1
1.44022,2232.3,1
1.45601,2293.12,1
1.43405,2205.88,1
1.39913,2212.25,1
1.41453,2241.49,1
1.42334,2223.34,1
1.40349,2309.44,1
1.48064,2241.31,1
1.4791,2202.54,1
1.47751,2282.81,1
1.41274,2301.56,1
1.42839,2276.33,1
1.46509,2207.51,1
1.48664,2271.29,1
1.46552,2235.64,1
1.47975,2321.72,1
1.49235,2288.82,1
1.45007,2288.07,1
1.49447,2306.21,1
1.51986,2219.33,1
1.51072,2207.64,1
1.51508,2208.28,1
1.48896,2222.02,1
1.46041,2300.87,1
1.53166,2320.2,1
1.49842,2289.8,1
1.52754,2303.43,1
1.48892,2257.43,1
1.54204,2352.06,1
1.52112,2237.32,1
1.51127,2299.43,1
1.50384,2218.69,1
1.51786,2344.7,1
1.51222,2282.93,1
1.48691,2317.85,1
1.53308,2247.5,1
1.56363,2302.22,1
0.009433,18.8149,3
0.0130693,28.291,3
0.0165035,33.7246,3
0.0195195,43.4052,3
0.0222585,47.1911,3
0.0255106,57.5035,3
0.0289551,62.8818,3
0.0331029,68.7947,3
0.0346756,76.0076,3
0.0391613,87.4648,3
0.0411653,91.1189,3
0.0446764,100.379,3
0.0475848,104.53,3
0.0514651,115.845,3
0.054387,116.738,3
0.0571946,120.564,3
0.0606376,134.41,3
0.0654421,140.438,3
0.066426,146.9,3
0.0701113,152.703,3
0.075817,164.733,3
0.0772046,162.772,3
0.0817561,171.123,3
0.0817182,180.035,3
0.084932,191.727,3
0.0896627,195.956,3
0.0919451,198.971,3
0.0952026,211.802,3
0.102391,215.361,3
0.101122,224.056,3
0.103638,224.815,3
0.111149,236.548,3
0.112876,242.402,3
0.113249,246.286,3
0.121324,260.342,3
0.12157,260.766,3
0.127121,278.709,3
0.131982,286.525,3
0.135294,294.655,3
0.13272,285.826,3
0.141398,299.551,3
0.142774,303.996,3
0.148103,322.2,3
0.150031,321.189,3
0.153945,322.934,3
0.156251,339.993,3
0.153446,353.757,3
0.15975,344.782,3
0.162213,348.699,3
0.163264,363.645,3
0.17151,383.133,3
0.171409,388.606,3
0.18188,376.844,3
0.178662,383.788,3
0.180389,412.187,3
0.183955,407.827,3
0.194757,421.021,3
0.198684,427.056,3
0.201943,425.285,3
0.198592,442.445,3
0.197673,427.052,3
0.20056,446.368,3
0.213556,443.951,3
0.215012,464.744,3
0.219846,461.841,3
0.220018,486.525,3
0.219546,470.344,3
0.227386,496.301,3
0.233173,502.842,3
0.232172,508.568,3
0.241077,522.465,3
0.24377,533.563,3
0.245474,534.348,3
0.240482,542.253,3
0.252936,540.111,3
0.252247,557.209,3
0.248607,547.024,3
0.261243,547.577,3
0.260743,565.365,3
0.26149,586.421,3
0.273546,578.815,3
0.265153,590.392,3
0.279533,581.185,3
0.274342,588.17,3
0.285023,615.712,3
0.289379,605.329,3
0.291542,615.833,3
0.286878,644.798,3
0.284929,638.646,3
0.288256,629.557,3
0.302431,651.96,3
0.311137,671.385,3
0.308916,660.748,3
0.315389,653.573,3
0.310461,691.135,3
0.318848,702.014,3
0.318575,703.09,3
0.318676,682.828,3
0.324511,729.494,3
0.329154,716.833,3
0.329511,735.961,3
0.338677,737.71,3
0.348265,751.979,3
0.340978,760.38,3
0.353437,731.982,3
0.356799,738.736,3
0.34488,750.049,3
0.364226,777.133,3
0.347776,786.763,3
0.371621,794.564,3
0.374098,770.48,3
0.37858,804.32,3
0.366264,792.304,3
0.385222,823.369,3
0.373584,825.806,3
0.371288,811.995,3
0.384326,839.099,3
0.376588,833.065,3
0.394648,834.681,3
0.393817,853.265,3
0.400821,866.023,3
0.398945,866.715,3
0.413599,898.055,3
0.399265,863.99,3
0.408926,871.72,3
0.405805,882.453,3
0.424491,903.365,3
0.413883,894.901,3
0.420869,947.96,3
0.418156,904.144,3
0.42331,944.441,3
0.432792,923.909,3
0.431586,939.117,3
0.447743,978.251,3
0.430388,982.022,3
0.453356,987.9,3
0.458055,973.899,3
0.464777,995.92,3
0.442121,973.069,3
0.452129,1020.56,3
0.448132,971.991,3
0.465987,1028.07,3
0.474045,1012.57,3
0.458498,1027.11,3
0.478097,1019.37,3
0.488264,1059.1,3
0.494141,1015.19,3
0.479196,1063.15,3
0.489223,1068.71,3
0.480041,1080.97,3
0.486223,1056.06,3
0.49162,1113.95,3
0.510795,1068.33,3
0.4947,1127.65,3
0.493841,1090.18,3
0.497201,1118.7,3
0.499438,1126.01,3
0.508937,1100.17,3
0.519243,1108.2,3
0.506881,1105.84,3
0.518757,1155.02,3
0.518281,1182.93,3
0.532637,1154.77,3
0.542346,1185.92,3
0.531492,1147.88,3
0.527298,1191.28,3
0.529336,1199.52,3
0.533715,1223.4,3
0.562668,1189.31,3
0.565437,1203.72,3
0.567272,1243.28,3
0.561294,1187.02,3
0.567208,1258.71,3
0.571226,1224.93,3
0.587862,1241.33,3
0.569023,1263.39,3
0.574222,1227.93,3
0.585405,1244.86,3
0.577547,1290.41,3
0.588187,1300.43,3
0.598214,1307.6,3
0.592725,1319.52,3
0.610271,1313.33,3
0.601337,1301.57,3
0.605282,1330.35,3
0.604978,1289.44,3
0.598385,1307.75,3
0.608942,1362.66,3
0.624633,1339.89,3
0.614,1335.94,3
0.633447,1389.28,3
0.636522,1366.66,3
0.622518,1402.2,3
0.641529,1376.3,3
0.618488,1387.88,3
0.640175,1418.71,3
0.655024,1396.98,3
0.635293,1431.48,3
0.637312,1440.85,3
0.652273,1392.11,3
0.645478,1447.4,3
0.672101,1433.9,3
0.677019,1459.15,3
0.662885,1483.67,3
0.671809,1432.08,3
0.671563,1448.34,3
0.688153,1430.88,3
0.662517,1486.94,3
0.686486,1486.62,3
0.688786,1461.33,3
0.70651,1496.5,3
0.704274,1462.14,3
0.681864,1495.29,3
0.715259,1493.75,3
0.716785,1478.06,3
0.720068,1556.54,3
0.691765,1536.76,3
0.728657,1513.19,3
0.717505,1537.09,3
0.697814,1543.77,3
0.735871,1560.32,3
0.742702,1561.72,3
0.710859,1577.33,3
0.742248,1558.63,3
0.728098,1609.39,3
0.751579,1608.7,3
0.751943,1594.4,3
0.76175,1616.12,3
0.72715,1584.89,3
0.746258,1628.95,3
0.758272,1662.91,3
0.774961,1688.42,3
0.75459,1621.57,3
0.77477,1651.81,3
0.752924,1691.78,3
0.758855,1689.03,3
0.750112,1672.78,3
0.790885,1714.41,3
0.763018,1721.29,3
0.764209,1728.04,3
0.767223,1663.59,3
0.767354,1675.4,3
0.794299,1730.51,3
0.787949,1674.68,3
0.819464,1769.88,3
0.794822,1731.28,3
0.813865,1774.89,3
0.806477,1794.8,3
0.825205,1705.56,3
0.805341,1792.56,3
0.805898,1758.77,3
0.83981,1762.59,3
0.828356,1817.45,3
0.805147,1740.35,3
0.817895,1800.41,3
0.851891,1803.52,3
0.839406,1777.04,3
0.840025,1841.92,3
0.852885,1772.14,3
0.866368,1861.88,3
0.859091,1784.85,3
0.851815,1871.39,3
0.860042,1813.21,3
0.8506,1871.8,3
0.857928,1870.44,3
0.87577,1816.49,3
0.857925,1865.85,3
0.879195,1874.53,3
0.851097,1933.42,3
0.881341,1857.99,3
0.888805,1876.22,3
0.908813,1959.92,3
0.864105,1911.13,3
0.876303,1929.06,3
0.907522,1883.05,3
0.882272,1887.14,3
0.882015,1967.79,3
0.916827,1894.14,3
0.905459,1899.03,3
0.92347,1909.7,3
0.899064,1923.05,3
0.894047,1967.48,3
0.920063,1917.37,3
0.932377,1946.38,3
0.95242,1994.47,3
0.951776,1968.78,3
0.948743,2016.04,3
0.938037,1979.37,3
0.95936,2045.95,3
0.943536,2013.46,3
0.962023,2044.89,3
0.968631,2015.61,3
0.962892,2047.57,3
0.965473,2024.88,3
0.976537,2024.79,3
0.988163,2078.16,3
0.966436,2020.43,3
0.96626,2005.26,3
0.951721,2091.66,3
0.990527,2086.59,3
0.981912,2081,3
0.958554,2099.36,3
1.01079,2002.15,3
0.959737,1998.26,3
0.986488,2098.57,3
0.979856,2111.11,3
1.00452,2091.65,3
0.983593,2067.57,3
0.991288,2051.24,3
1.00496,2136.97,3
0.993863,2092.14,3
0.982727,2131.43,3
0.990333,2105.63,3
1.01545,2108.85,3
1.01203,2107.53,3
1.04859,2055.5,3
1.00511,2123.05,3
1.00367,2087.15,3
1.01102,2154.15,3
1.03765,2107.76,3
1.01939,2057.99,3
1.04091,2156.91,3
1.04617,2111.7,3
1.06231,2162.79,3
1.06324,2088.33,3
1.04045,2152.47,3
1.09248,2188.27,3
1.04922,2140.24,3
1.09558,2143.63,3
1.07175,2128.77,3
1.05925,2138.03,3
1.04585,2134.49,3
1.07405,2139.44,3
1.11113,2203.66,3
1.11547,2211.96,3
1.10148,2155.38,3
1.10561,2116.02,3
1.09652,2166.22,3
1.09117,2128.04,3
1.09495,2123.99,3
1.09971,2179.4,3
1.0837,2178.66,3
1.09602,2155.55,3
1.09334,2212.01,3
1.09716,2183.44,3
1.10526,2221.12,3
1.13194,2162.23,3
1.15298,2223.49,3
1.10538,2170.58,3
1.15447,2139.79,3
1.14801,2181.39,3
1.14488,2212.4,3
1.12709,2234.64,3
1.15665,2183.45,3
1.15325,2157.94,3
1.17846,2247.12,3
1.15139,2187.74,3
1.14677,2190.96,3
1.17503,2157.11,3
1.18006,2188.5,3
1.15896,2247.58,3
1.15629,2232.27,3
1.19787,2278.33,3
1.19556,2203.14,3
1.14796,2181.66,3
1.16711,2279.93,3
1.165,2216,3
1.20861,2193.21,3
1.21098,2244.38,3
1.22788,2262.17,3
1.23307,2274.88,3
1.2311,2209.82,3
1.17964,2211.99,3
1.22825,2181.15,3
1.24858,2234.74,3
1.19574,2226.46,3
1.20095,2211.89,3
1.2072,2284.2,3
1.25591,2212.81,3
1.23182,2278.47,3
1.23557,2308.48,3
1.24724,2183.09,3
1.2324,2214.38,3
1.2573,2233.25,3
1.2756,2287.24,3
1.22096,2268.12,3
1.23878,2192.2,3
1.23956,2266.48,3
1.28958,2192.64,3
1.28967,2280.59,3
1.23448,2273.69,3
1.30098,2208.61,3
1.25055,2236.15,3
1.24772,2297.04,3
1.24125,2317.91,3
1.30276,2212.85,3
1.2827,2232.37,3
1.26298,2269.71,3
1.27922,2279.29,3
1.28084,2252.22,3
1.29919,2240.14,3
1.29669,2296.12,3
1.26881,2217.97,3
1.30604,2291.58,3
1.32436,2240.56,3
1.34751,2237.28,3
1.28434,2210.35,3
1.29105,2312.91,3
1.29228,2233.06,3
1.31254,2319.26,3
1.36791,2249.81,3
1.34654,2294.36,3
1.33416,2225.67,3
1.37222,2249.53,3
1.36714,2294.86,3
1.31607,2294.85,3
1.34854,2222.19,3
1.34762,2254.74,3
1.37522,2276.59,3
1.32725,2330.25,3
1.35811,2233.07,3
1.33267,2318.16,3
1.33483,2308.47,3
1.34405,2240.48,3
1.40967,2337.81,3
1.40068,2262.31,3
1.42112,2245.46,3
1.41428,2298.92,3
1.34963,2263.78,3
1.3736,2356.53,3
1.37424,2365.49,3
1.40801,2246.3,3
1.4075,2367.95,3
1.4366,2306,3
1.44124,2298.16,3
1.38188,2266.48,3
1.42849,2322.93,3
1.44172,2260.25,3
1.42792,2310.87,3
1.41545,2334.72,3
1.4518,2350.12,3
1.45717,2326.16,3
1.41248,2282.98,3
1.47354,2330.16,3
1.42829,2301.56,3
1.41744,2270.34,3
1.41346,2315.5,3
1.41258,2258.6,3
1.46817,2377.28,3
1.47526,2289.75,3
1.41905,2368.27,3
1.44663,2345.01,3
1.46858,2312.46,3
1.43862,2333,3
1.49735,2253.84,3
1.43503,2295.11,3
1.4564,2312.51,3
1.47233,2392.39,3
1.47394,2268.04,3
1.51124,2305.49,3
1.46113,2351.37,3
1.47817,2369.27,3
1.4626,2385.71,3
1.49946,2276.88,3
